<?xml version="1.0" encoding="UTF-8"?>
<addon id="plugin.video.itv.uz" version="1.0.1~beta12" name="iTV" provider-name="vl.maksime">
    <requires>
        <import addon="xbmc.python" version="2.19.0"/>
        <import addon="script.module.simplemedia" version="1.2.4"/>
        <import addon="service.iptv.manager" optional="true"/>
    </requires>
    <extension point="xbmc.python.pluginsource" library="default.py">
        <provides>video</provides>
    </extension>
    <extension point="xbmc.service" library="service.py"/>
    <extension point="xbmc.addon.metadata">
        <summary lang="en">Add-on is intended for users in Uzbekistan</summary>
        <summary lang="ru">Дополнение предназначено для пользователей в Узбекистане</summary>
        <description lang="en">Advantages:[CR]- A large list of TV channels! Watch your favorite TV channels in HD format. Individual recordings of the most popular TV shows are constantly available on iTV.[CR]- The video club section is constantly updated with new products! Watch your favorite movies and TV shows online in HD quality on the TAS-IX network.</description>
        <description lang="ru">Преимущества:[CR]- Большой список ТВ каналов! Смотрите свои любимые ТВ каналы в HD формате. Отдельные записи самых популярных ТВ шоу в постоянном доступе на iTV.[CR]- Раздел видеоклуб постоянно пополняется новинками! Смотрите новинки кинематографа и ваши любимые фильмы и сериалы онлайн в HD качестве внутри сети TAS-IX.</description>
        <disclaimer lang="en">iTV - an add-on for online watching TV, movies and TV shows in the TAS-IX zone</disclaimer>
        <disclaimer lang="ru">iTV - дополнение для онлайн просмотра ТВ, фильмов и сериалов в зоне TAS-IX</disclaimer>
        <language>uz</language>
        <platform>all</platform>
        <license>GPL-3.0-only</license>
        <forum></forum>
        <website>https://itv.uz/</website>
        <email>vl.maksime@gmail.com</email>
        <source>https://github.com/vlmaksime/plugin.video.itv.uz</source>
        <news></news>
        <assets>
            <icon>icon.png</icon>
            <fanart>fanart.jpg</fanart>
        </assets>
    </extension>
</addon>