<?xml version="1.0" encoding="UTF-8"?>
<addon id="plugin.video.tvzavr.ru" version="1.2.1+matrix.2" name="TVZavr" provider-name="vl.maksime">
    <requires>
        <import addon="xbmc.python" version="3.0.0"/>
        <import addon="script.module.m3u8" version="0.2.10"/>
        <import addon="script.module.simplemedia" version="1.2.3"/>
    </requires>
    <extension point="xbmc.python.pluginsource" library="default.py">
        <provides>video</provides>
    </extension>
    <!--
    <extension point="xbmc.service" library="service.py" />
    -->
    <extension point="xbmc.addon.metadata">
        <summary lang="ru">TVzavr.ru — международный интернет-кинотеатр, который появился на рынке в 2010 году.</summary>
        <description lang="ru">Интернет-кинотеатр tvzavr - легальный просмотр фильмов, сериалов и мультфильмов на любой вкус в HD и Full HD качестве.</description>
        <disclaimer lang="ru">Онлайн-кинотеатр TVzavr.ru</disclaimer>
        <language>ru</language>
        <platform>all</platform>
        <license>GPL-3.0-only</license>
        <forum>http://xbmc.ru/forum/showthread.php?t=14182</forum>
        <website>http://www.tvzavr.ru/</website>
        <email>vl.maksime@gmail.com</email>
        <source>https://github.com/vlmaksime/plugin.video.tvzavr.ru</source>
        <broken>Прекращена работа ресурса</broken>
        <lifecyclestate type="broken" lang="ru">Прекращена работа ресурса</lifecyclestate>
        <news>v1.2.1 (2022-01-04)[CR]- Прекращена поддержка дополнения в связи с закрытием ресурса</news>
        <assets>
            <icon>icon.png</icon>
            <fanart>fanart.jpg</fanart>
            <clearlogo>resources\media\clearlogo.png</clearlogo>
            <screenshot>resources\media\screenshot-01.jpg</screenshot>
            <screenshot>resources\media\screenshot-02.jpg</screenshot>
            <screenshot>resources\media\screenshot-03.jpg</screenshot>
        </assets>
    </extension>
</addon>
