﻿<?xml version="1.0" encoding="UTF-8" standalone="yes"?>
<addon id="repository.vlmaksime.develop" name="vl.maksime Add-on repository (develop)" version="2.1.14" provider-name="vl.maksime">
    <requires>
        <import addon="xbmc.addon" version="14.0.0"/>
    </requires>
    <extension point="xbmc.addon.repository" name="vl.maksime Add-on repository (develop)">
        <info>https://vlmaksime.github.io/repository.vlmaksime/repo/develop/addons.xml</info>
        <checksum>https://vlmaksime.github.io/repository.vlmaksime/repo/develop/addons.xml.md5</checksum>
        <datadir zip="true">https://vlmaksime.github.io/repository.vlmaksime/repo/develop/</datadir>
    </extension>
    <extension point="xbmc.addon.metadata">
        <summary lang="en">Install Add-ons from vl.maksime</summary>
        <summary lang="ru">Установить дополнения от vl.maksime</summary>
        <description lang="en">Download and install add-ons from the vl.maksime add-on repository.</description>
        <description lang="ru">Загружайте и устанавливайте обновления из репозитория vl.maksime.</description>
        <platform>all</platform>
    </extension>
</addon>