<?xml version="1.0" encoding="UTF-8"?>
<addon id="weather.gismeteo" version="0.6.4" name="Gismeteo" provider-name="vl.maksime">
	<requires>
		<import addon="xbmc.python" version="2.19.0"/>
		<import addon="script.module.simpleplugin3" version="3.0.5"/>
		<import addon="script.module.requests" version="2.15.1"/>
	</requires>
	<extension point="xbmc.python.weather" library="default.py"/>
	<extension point="xbmc.addon.metadata">
		<summary lang="de">Gismeteo Wettervorhersage. Echtzeitwetter und detailierte Vorhersagen auf der ganzen Welt</summary>
		<summary lang="en">Gismeteo Weather Forecast. Real time weather and detailed forecast all round the world</summary>
		<summary lang="ru">Прогноз погоды от ведущего погодного сервиса Gismeteo</summary>
		<summary lang="sp">Pronóstico del tiempo Gismeteo. Clima en tiempo real y pronóstico detallado en todo el mundo</summary>
		<summary lang="fr">Gismeteo prévisions météorologiques. Prévisions météorologiques en temps réel à travers le monde.</summary>
		<summary lang="sv">Gismeteo Weather Forecast. Realtidsväder och detaljerade prognoser över hela världen</summary>
		<summary lang="is">Gismeteo veðurspá. Rauntíma veðurlýsing og nákvæmar veðurspár um víða veröld</summary>
		<description lang="de">Das Wetter wird nur für persönlichen, nicht-kommerziellen Gebrauch zur Verfügung gestellt</description>
		<description lang="en">The weather is provided solely for personal non-commercial use</description>
		<description lang="ru">Погода предоставлена исключительно для личного некоммерческого использования</description>
		<description lang="sp">El clima se proporciona únicamente para su uso personal y no comercial</description>
		<description lang="fr">La météo est fournie pour un usage personnel non-commercial.</description>
		<description lang="sv">Vädret tillhandahålls enbart för personligt, icke-kommersiellt bruk</description>
		<description lang="is">Veðurupplýsingarnar eru einungis til einkanota og ekki í hagnaðarskyni</description>
		<disclaimer lang="de">Die Wettervorhersage wurde von MapMakers Group Ltd vorbereitet</disclaimer>
		<disclaimer lang="en">The weather forecast has been prepared by MapMakers Group Ltd</disclaimer>
		<disclaimer lang="ru">Прогноз погоды подготовлен НПЦ "Мэп Мейкер"</disclaimer>
		<disclaimer lang="sp">El pronóstico del tiempo ha sido preparado por MapMakers Group Ltd</disclaimer>
		<disclaimer lang="fr">Les prévisions météorologiques sont mises à disposition par MapMakers Group Ltd</disclaimer>
		<disclaimer lang="sv">Väderprognosen har utarbetats av MapMakers Group Ltd.</disclaimer>
		<disclaimer lang="is">Veðurspáin var útbúin af MapMakers Group Ltd</disclaimer>
		<platform>all</platform>
		<license>GPL-3.0-only</license>
		<forum>http://xbmc.ru/forum/showthread.php?t=14692</forum>
		<website>https://www.gismeteo.ru/</website>
		<email>vl.maksime@gmail.com</email>
		<source>https://github.com/vlmaksime/weather.gismeteo</source>
		<news>v0.6.4 (2023-11-30)[CR]- Адаптирован под изменения в API сервиса[CR][CR]v0.6.3 (2021-09-27)[CR]- Исправлены выявленные ошибки[CR][CR]v0.6.2 (2021-05-31)[CR]- Исправлена совместимость с Kodi 19[CR][CR]v0.6.1 (2021-04-03)[CR]- Исправлена совместимость с Kodi 19[CR]- Небольшие изменения в структуре дополнения</news>
		<assets>
			<icon>icon.png</icon>
		</assets>
	</extension>
</addon>
