﻿<?xml version="1.0" encoding="UTF-8" standalone="yes"?>
<addon id="repository.vlmaksime" name="vl.maksime Add-on repository" version="2.1.14" provider-name="vl.maksime">
    <extension point="xbmc.addon.repository" name="vl.maksime Add-on repository">
        <dir minversion="14.0.0">
            <info>https://vlmaksime.github.io/repository.vlmaksime/repo/helix/addons.xml</info>
            <checksum>https://vlmaksime.github.io/repository.vlmaksime/repo/helix/addons.xml.md5</checksum>
            <datadir zip="true">https://vlmaksime.github.io/repository.vlmaksime/repo/helix/</datadir>
        </dir>
        <dir minversion="14.0.0">
            <info>https://vlmaksime.github.io/repository.vlmaksime/repo/helix/repository.xml</info>
            <checksum>https://vlmaksime.github.io/repository.vlmaksime/repo/helix/repository.xml.md5</checksum>
            <datadir zip="true">https://vlmaksime.github.io/repository.vlmaksime/repo/helix/</datadir>
        </dir>
        <dir minversion="18.9.0">
            <info>https://vlmaksime.github.io/repository.vlmaksime/repo/matrix/repository.xml</info>
            <checksum>https://vlmaksime.github.io/repository.vlmaksime/repo/matrix/repository.xml.md5</checksum>
            <datadir zip="true">https://vlmaksime.github.io/repository.vlmaksime/repo/matrix/</datadir>
        </dir>
    </extension>
    <extension point="xbmc.addon.metadata">
        <summary lang="en">Install Add-ons from vl.maksime</summary>
        <summary lang="ru">Установить дополнения от vl.maksime</summary>
        <description lang="en">Download and install add-ons from the vl.maksime add-on repository.</description>
        <description lang="ru">Загружайте и устанавливайте обновления из репозитория vl.maksime.</description>
        <platform>all</platform>
        <news>v2.1.14 (2020-03-30)[CR]- Реализована отдельная ветка для Kodi 14-Kodi 18</news>
    </extension>
</addon>