<?xml version="1.0" encoding="UTF-8"?>
<window type="dialog" id="1202">
	<onunload>ClearProperty(setbackgrounds,home)</onunload>
	<defaultcontrol always="true">6</defaultcontrol>
	<include>Animation_DialogPopupOpenClose</include>
	<depth>DepthOSD</depth>
	<controls>
		<include name="DialogSelectValue">
			<param name="dialogheaderlabel" value="$LOCALIZE[33069]" />
			<param name="dialogincludeselectval" value="BackgroundsSelVal" />
			<param name="dialogsettingval" value="setbackgrounds" />
		</include>
	</controls>
</window>

