<?xml version="1.0" encoding="UTF-8" standalone="yes"?>
<window>
	<defaultcontrol>111</defaultcontrol>
	<include>Animation_DialogPopupOpenClose</include>
	<depth>DepthDialog+</depth>
	<controls>
		<control type="group">
			<width>1440</width>
			<centerleft>50%</centerleft>
			<centertop>50%</centertop>
				<height>940</height>
			<include  name="DialogBackgroundCommons">
				<param name="width" value="1440" />
				<param name="height" value="940" />
				<param name="header_label" value="$ADDON[script.transmission 32112]" />
				<param name="header_id" value="1" />
			</include>
		<control type="group">
			<left>30</left>
			<top>90</top>
			<control type="label">
				<left>0</left>
				<top>0</top>
				<width>200</width>
				<height>50</height>
				<label>$ADDON[script.transmission 32110]:</label>
				<align>right</align>
				<aligny>center</aligny>
			</control>
			<control type="label" id="1">
				<left>220</left>
				<top>0</top>
				<width>1150</width>
				<height>50</height>
				<label></label>
				<align>left</align>
				<aligny>center</aligny>
			</control>
			<control type="label">
				<left>0</left>
				<top>50</top>
				<width>200</width>
				<height>50</height>
				<label>$ADDON[script.transmission 32111]:</label>
				<align>right</align>
				<aligny>center</aligny>
			</control>
			<control type="label" id="2">
				<left>220</left>
				<top>50</top>
				<width>1100</width>
				<height>50</height>
				<label></label>
				<align>left</align>
				<aligny>center</aligny>
			</control>
			<control type="progress" id="219">
				<description>Torrent progress</description>
				<left>0</left>
				<top>115</top>
				<width>1260</width>
				<height>25</height>
				<visible>true</visible>
			</control>
			<control type="label" id="11">
				<left>1280</left>
				<top>100</top>
				<width>100</width>
				<height>50</height>
				<label></label>
				<aligny>center</aligny>
			</control>
			<control type="image">
				<description>separator</description>
				<left>0</left>
				<top>145</top>
				<width>1370</width>
				<height>20</height>
				<texture border="40">lists/separator.png</texture>
			</control>
		</control>
		<control type="list" id="220">
			<description>File list</description>
			<left>30</left>
			<top>250</top>
			<width>1370</width>
			<height>500</height>
			<onup>111</onup>
			<viewtype label="File List">list</viewtype>
			<orientation>vertical</orientation>
			<visible>true</visible>
			<itemlayout width="1370" height="50">
				<control type="image">
					<left>0</left>
					<top>0</top>
					<width>1370</width>
					<height>50</height>
					<texture border="5">lists/separator.png</texture>
				</control>
				<control type="label">
					<left>10</left>
					<top>0</top>
					<width>1260</width>
					<height>50</height>
					<info>ListItem.label</info>
					<aligny>center</aligny>
				</control>
				<control type="label">
					<left>1270</left>
					<top>0</top>
					<width>100</width>
					<height>50</height>
					<info>ListItem.Property(Progress)</info>
					<aligny>center</aligny>
				</control>
			</itemlayout>
			<focusedlayout width="1370" height="50">
				<control type="image">
					<left>0</left>
					<top>0</top>
					<width>1370</width>
					<height>50</height>
					<visible>Control.HasFocus(220)</visible>
					<texture border="5" colordiffuse="$VAR[MainColorVar]">lists/focus.png</texture>
				</control>
				<control type="image">
					<left>0</left>
					<top>0</top>
					<width>1370</width>
					<height>50</height>
					<visible>!Control.HasFocus(220)</visible>
					<texture border="5">lists/separator.png</texture>
				</control>
				<control type="label">
					<left>10</left>
					<top>0</top>
					<width>1260</width>
					<height>50</height>
					<info>ListItem.label</info>
					<aligny>center</aligny>
				</control>
				<control type="label">
					<left>1270</left>
					<top>0</top>
					<width>100</width>
					<height>50</height>
					<info>ListItem.Property(Progress)</info>
					<aligny>center</aligny>
				</control>
			</focusedlayout>
		</control>
		</control>
	</controls>
</window>
