<?xml version="1.0" encoding="UTF-8" standalone="yes"?>
<window>
	<defaultcontrol always="true">111</defaultcontrol>
	<include>Animation_DialogPopupOpenClose</include>
	<depth>DepthDialog+</depth>
	<controls>
		<control type="group">
			<width>1440</width>
			<centerleft>50%</centerleft>
			<centertop>50%</centertop>
				<height>940</height>
			<include  name="DialogBackgroundCommons">
				<param name="width" value="1440" />
				<param name="height" value="940" />
				<param name="header_label" value="$ADDON[script.transmission 32000]" />
				<param name="header_id" value="1" />
			</include>
		<control type="group">
			<left>0</left>
			<top>70</top>
			<!-- Button Group -->
			<control type="button" id="111">
				<description>Add torrent</description>
				<texturefocus border="40" colordiffuse="$VAR[MainColorVar]">buttons/dialogbutton-fo.png</texturefocus>
				<texturenofocus border="40">buttons/dialogbutton-nofo.png</texturenofocus>
				<left>0</left>
				<top>0</top>
				<height>150</height>
				<width>250</width>
				<align>center</align>
				<aligny>center</aligny>
				<textoffsety>45</textoffsety>
				<label>$ADDON[script.transmission 32101]</label>
				<font>font12_title</font>
				<onright>120</onright>
				<ondown>112</ondown>
				<onup>117</onup>
			</control>
			<control type="button" id="112">
				<description>Remove torrent</description>
				<texturefocus border="40" colordiffuse="$VAR[MainColorVar]">buttons/dialogbutton-fo.png</texturefocus>
				<texturenofocus border="40">buttons/dialogbutton-nofo.png</texturenofocus>
				<left>0</left>
				<top>120</top>
				<height>150</height>
				<width>250</width>
				<align>center</align>
				<aligny>center</aligny>
				<textoffsety>45</textoffsety>
				<label>$ADDON[script.transmission 32102]</label>
				<font>font12_title</font>
				<onright>120</onright>
				<onup>111</onup>
				<ondown>113</ondown>
			</control>
			<control type="button" id="113">
				<description>Stop torrent</description>
				<texturefocus border="40" colordiffuse="$VAR[MainColorVar]">buttons/dialogbutton-fo.png</texturefocus>
				<texturenofocus border="40">buttons/dialogbutton-nofo.png</texturenofocus>
				<left>0</left>
				<top>240</top>
				<height>150</height>
				<width>250</width>
				<align>center</align>
				<aligny>center</aligny>
				<textoffsety>45</textoffsety>
				<label>$ADDON[script.transmission 32103]</label>
				<font>font12_title</font>
				<onright>120</onright>
				<onup>112</onup>
				<ondown>114</ondown>
			</control>
			<control type="button" id="114">
				<description>Start torrent</description>
				<texturefocus border="40" colordiffuse="$VAR[MainColorVar]">buttons/dialogbutton-fo.png</texturefocus>
				<texturenofocus border="40">buttons/dialogbutton-nofo.png</texturenofocus>
				<left>0</left>
				<top>360</top>
				<height>150</height>
				<width>250</width>
				<align>center</align>
				<aligny>center</aligny>
				<textoffsety>45</textoffsety>
				<label>$ADDON[script.transmission 32104]</label>
				<font>font12_title</font>
				<onright>120</onright>
				<onup>113</onup>
				<ondown>115</ondown>
			</control>
			<control type="button" id="115">
				<description>Stop all torrents</description>
				<texturefocus border="40" colordiffuse="$VAR[MainColorVar]">buttons/dialogbutton-fo.png</texturefocus>
				<texturenofocus border="40">buttons/dialogbutton-nofo.png</texturenofocus>
				<left>0</left>
				<top>480</top>
				<height>150</height>
				<width>250</width>
				<align>center</align>
				<aligny>center</aligny>
				<textoffsety>45</textoffsety>
				<label>$ADDON[script.transmission 32105]</label>
				<font>font12_title</font>
				<onright>120</onright>
				<onup>114</onup>
				<ondown>116</ondown>
			</control>
			<control type="button" id="116">
				<description>Start all torrents</description>
				<texturefocus border="40" colordiffuse="$VAR[MainColorVar]">buttons/dialogbutton-fo.png</texturefocus>
				<texturenofocus border="40">buttons/dialogbutton-nofo.png</texturenofocus>
				<left>0</left>
				<top>600</top>
				<height>150</height>
				<width>250</width>
				<align>center</align>
				<aligny>center</aligny>
				<textoffsety>45</textoffsety>
				<label>$ADDON[script.transmission 32106]</label>
				<font>font12_title</font>
				<onright>120</onright>
				<onup>115</onup>
				<ondown>118</ondown>
			</control>
			<control type="button" id="118">
				<description>Settings</description>
				<texturefocus border="40" colordiffuse="$VAR[MainColorVar]">buttons/dialogbutton-fo.png</texturefocus>
				<texturenofocus border="40">buttons/dialogbutton-nofo.png</texturenofocus>
				<left>0</left>
				<top>720</top>
				<height>150</height>
				<width>250</width>
				<align>center</align>
				<aligny>center</aligny>
				<textoffsety>45</textoffsety>
				<label>$ADDON[script.transmission 32108]</label>
				<font>font12_title</font>
				<onright>120</onright>
				<onup>116</onup>
				<ondown>111</ondown>
			</control>
		</control>
		<control type="scrollbar" id="121">
			<description>Scroll bar for the torrent list</description>
			<left>1410</left>
			<top>90</top>
			<width>10</width>
			<height>830</height>
			<visible>true</visible>
			<pulseonselect></pulseonselect>
			<orientation>vertical</orientation>
			<showonepage>false</showonepage>
		</control>
		<control type="list" id="120">
			<description>Torrent list</description>
			<left>250</left>
			<top>90</top>
			<width>1160</width>
			<height>870</height>
			<viewtype label="Torrent List">list</viewtype>
			<orientation>vertical</orientation>
			<visible>true</visible>
			<onleft>111</onleft>
			<onright>117</onright>
			<onup>117</onup>
			<pagecontrol>121</pagecontrol>
			<itemlayout width="1160" height="100">
				<control type="image">
					<left>0</left>
					<top>0</top>
					<width>1170</width>
					<height>100</height>
					<texture border="5">lists/separator.png</texture>
				</control>
				<control type="image">
					<left>5</left>
					<top>0</top>
					<width>100</width>
					<height>100</height>
					<texture>icons/$INFO[ListItem.Property(TorrentStatusIcon)]</texture>
				</control>
				<control type="label">
					<left>110</left>
					<top>0</top>
					<width>1150</width>
					<height>50</height>
					<label>$INFO[ListItem.label]</label>
					<aligny>center</aligny>
				</control>
				<control type="progress">
					<left>110</left>
					<top>65</top>
					<width>950</width>
					<height>25</height>
					<info>ListItem.Property(TorrentProgress)</info>
				</control>
				<control type="label">
					<left>1070</left>
					<top>50</top>
					<width>100</width>
					<height>50</height>
					<label>$INFO[ListItem.Property(TorrentProgress)]</label>
					<aligny>center</aligny>
				</control>
			</itemlayout>
			<focusedlayout width="1160" height="100">
				<control type="image">
					<left>0</left>
					<top>0</top>
					<width>1170</width>
					<height>100</height>
					<visible>Control.HasFocus(120)</visible>
					<texture border="5" colordiffuse="$VAR[MainColorVar]">lists/focus.png</texture>
				</control>
				<control type="image">
					<left>0</left>
					<top>0</top>
					<width>1170</width>
					<height>100</height>
					<visible>!Control.HasFocus(120)</visible>
					<texture border="5">lists/separator.png</texture>
				</control>
				<control type="image">
					<left>5</left>
					<top>0</top>
					<width>100</width>
					<height>100</height>
					<texture>icons/$INFO[ListItem.Property(TorrentStatusIcon)]</texture>
				</control>
				<control type="label">
					<left>110</left>
					<top>0</top>
					<width>1150</width>
					<height>50</height>
					<label>$INFO[ListItem.label]</label>
					<scroll>true</scroll>
					<aligny>center</aligny>
				</control>
				<control type="progress">
					<left>110</left>
					<top>65</top>
					<width>950</width>
					<height>25</height>
					<info>ListItem.Property(TorrentProgress)</info>
				</control>
				<control type="label">
					<left>1070</left>
					<top>50</top>
					<width>100</width>
					<height>50</height>
					<label>$INFO[ListItem.Property(TorrentProgress)]</label>
					<aligny>center</aligny>
				</control>
			</focusedlayout>
		</control>
		</control>
	</controls>
</window>
