<?xml version="1.0" encoding="UTF-8"?>
<addon id="plugin.video.united.search" version="0.2.5" name="United Search" provider-name="vl.maksime">
    <requires>
        <import addon="xbmc.python" version="2.19.0"/>
        <import addon="script.module.simpleplugin" version="2.2.0"/>
        <import addon="script.module.pyxbmct" version="1.1.8" />
    </requires>
    <extension point="xbmc.python.pluginsource" library="default.py">
        <provides>video</provides>
    </extension>
    <extension point="xbmc.python.module" library="resources\lib" />
    <extension point="xbmc.addon.metadata">
        <summary lang="en">Unified search for video add-ons</summary>
        <summary lang="ru">Единый поиск для видеодополнений</summary>
        <description lang="en">This add-on is intended for search in other video add-ons</description>
        <description lang="ru">Дополнение предназначено для выполнения поиска в других видеодополнениях</description>
        <disclaimer lang="en"></disclaimer>
        <disclaimer lang="ru"></disclaimer>
        <language></language>
        <platform>all</platform>
        <license>GNU GENERAL PUBLIC LICENSE. Version 3, 29 June 2007</license>
        <forum>http://xbmc.ru/forum/showthread.php?t=14278</forum>
        <email>vl.maksime@gmail.com</email>
        <source>https://github.com/vlmaksime/plugin.video.united.search</source>
        <news>v0.2.5 (2019-08-09)[CR]- Добавлена поддержка "красивых ссылок"[CR][CR]v0.2.4 (2018-10-21)[CR]- Исправлены выявленные ошибки[CR][CR]v0.2.3 (2018-10-07)[CR]- Пункты контекстного меню вынесены в отдельные дополнения[CR][CR]v0.2.2 (2017-07-02)[CR]- Доработан механизм обучения и поиска в дополнениях без встроенной поддержки</news>
        <assets>
            <icon>icon.png</icon>
            <screenshot>resources\media\screenshot-01.jpg</screenshot>
            <screenshot>resources\media\screenshot-02.jpg</screenshot>
            <screenshot>resources\media\screenshot-03.jpg</screenshot>
            <screenshot>resources\media\screenshot-04.jpg</screenshot>
            <screenshot>resources\media\screenshot-05.jpg</screenshot>
        </assets>
    </extension>
</addon>
