﻿<?xml version="1.0" encoding="UTF-8"?>
<addon id="plugin.video.videomore.ru" version="1.2.0" name="Videomore" provider-name="vl.maksime">
    <requires>
        <import addon="xbmc.python" version="2.19.0"/>
        <import addon="script.module.simplemedia" version="1.0.5"/>
        <import addon="script.module.api.videomore.ru" version="1.0.2"/>
        <import addon="script.module.inputstreamhelper" version="0.3.3"/>
    </requires>
    <extension point="xbmc.python.pluginsource" library="default.py">
        <provides>video</provides>
    </extension>
    <extension point="xbmc.addon.metadata">
        <summary lang="en_GB"></summary>
        <summary lang="ru_RU"></summary>
        <description lang="en_GB"></description>
        <description lang="ru_RU"></description>
        <disclaimer lang="en_GB"></disclaimer>
        <disclaimer lang="ru_RU"></disclaimer>
        <language>ru</language>
        <platform>all</platform>
        <license>GNU GENERAL PUBLIC LICENSE. Version 3, 29 June 2007</license>
        <forum>http://xbmc.ru/forum/showthread.php?t=15103</forum>
        <website>https://videomore.ru</website>
        <email>vl.maksime@gmail.com</email>
        <source>https://github.com/vlmaksime/plugin.video.videomore.ru</source>
        <news>v1.2.0 (2019-03-11)[CR]- Адаптирован для работы с Kodi 18[CR][CR]v1.1.0 (2018-04-22)[CR]- Дополнение переписано с нуля[CR]- Реализовано воспроизведение DRM видео</news>
        <assets>
            <icon>icon.png</icon>
        </assets>
    </extension>
</addon>