<?xml version="1.0" encoding="UTF-8"?>
<addon id="plugin.video.zona.mobi" version="0.2.1" name="ZONA.plus" provider-name="vl.maksime">
    <requires>
        <import addon="xbmc.python" version="2.19.0"/>
        <import addon="script.module.requests" version="2.12.4"/>
        <import addon="script.module.simplejson" version="3.3.0"/>
        <import addon="script.module.simpleplugin" version="2.3.2"/>
    </requires>
    <extension point="xbmc.python.pluginsource" library="default.py">
        <provides>video</provides>
    </extension>
    <extension point="xbmc.addon.metadata">
        <summary lang="en">Movies and TV Shows online</summary>
        <summary lang="ru">Фильмы и Сериалы онлайн</summary>
        <description lang="en"></description>
        <description lang="ru">Выбирайте фильмы и сериалы по жанру, году, рейтингу, популярности.</description>
        <disclaimer lang="en"></disclaimer>
        <disclaimer lang="ru">Дополнение для просмотра фильмов и сериалов онлайн.</disclaimer>
        <language>ru</language>
        <platform>all</platform>
        <license>GNU GENERAL PUBLIC LICENSE. Version 3, 29 June 2007</license>
        <forum>http://xbmc.ru/forum/showthread.php?t=14529</forum>
        <website>https://zona.mobi/</website>
        <email>vl.maksime@gmail.com</email>
        <source>https://github.com/vlmaksime/plugin.video.zona.mobi</source>
        <news>v0.2.1 (2020-02-03)[CR]- Обновлен адрес сайта по умолчанию[CR]- Исправлено получение изображений[CR]v0.2.0 (2019-05-25)[CR]- Добавлена возможность указывать адрес сайта в настройках дополнения[CR][CR]v0.1.9 (2019-01-08)[CR]- Обновлен адрес сайта[CR]- Исправлены ошибки</news>
        <assets>
            <icon>icon.png</icon>
            <screenshot>resources\media\screenshot-01.jpg</screenshot>
            <screenshot>resources\media\screenshot-02.jpg</screenshot>
            <screenshot>resources\media\screenshot-03.jpg</screenshot>
        </assets>
    </extension>
</addon>