<?xml version='1.0' encoding='UTF-8' standalone='yes'?>
<addon id="script.module.pyjwt"
       name="pyjwt"
       provider-name="jpadilla (hello@jpadilla.com)" 
       version="1.6.4">
  <requires>
    <import addon="xbmc.python" version="2.19.0" />
  </requires>
  <extension library="lib" point="xbmc.python.module" />
  <extension point="xbmc.addon.metadata">
        <description lang="en_GB">pyjwt module</description>
        <summary lang="en_GB">pyjwt module</summary>
        <license>MIT</license>
        <platform>all</platform>
        <website>https://pyjwt.readthedocs.io</website>
        <source>https://github.com/jpadilla/pyjwt</source>
   </extension>
</addon>
