<?xml version="1.0" encoding="UTF-8"?>
<addon id="plugin.video.tvigle.ru" version="2.0.2+matrix.2" name="Tvigle" provider-name="vl.maksime">
    <requires>
        <import addon="xbmc.python" version="3.0.0"/>
        <import addon="script.module.simplemedia" version="1.2.4"/>
        <import addon="script.module.pyjwt" version="1.6.4"/>
    </requires>
    <extension point="xbmc.python.pluginsource" library="default.py">
        <provides>video</provides>
    </extension>
    <extension point="xbmc.service" library="service.py" />
    <extension point="xbmc.addon.metadata">
        <summary lang="en">Tvigle - it's your favorite movies, TV shows, soviet cartoons, modern cartoons online for free.</summary>
        <summary lang="ru">Tvigle – это любимые фильмы, сериалы, советские мультфильмы, современные мультики, программы, ТВ-шоу онлайн и бесплатно.</summary>
        <description lang="en">Several million people are already looking Tvigle online and on Smart TV. Install this plugin and watch movies, TV shows, cartoons online in HD quality.[CR]The main advantage of Tvigle - 99% of movies and TV shows free of charge.</description>
        <description lang="ru">Несколько миллионов пользователей уже смотрят Tvigle на сайте и в приложениях Smart TV. Установите это дополнение и смотрите фильмы, сериалы, мультфильмы online в HD качестве.[CR]Главное преимущество Tvigle – 99% фильмов и сериалов бесплатные.</description>
        <disclaimer lang="en">Now in your TV</disclaimer>
        <disclaimer lang="ru">Теперь в твоем телевизоре</disclaimer>
        <language>ru</language>
        <platform>all</platform>
        <license>GNU GENERAL PUBLIC LICENSE. Version 3, 29 June 2007</license>
        <forum>http://xbmc.ru/forum/showthread.php?t=15151</forum>
        <website>http://www.tvigle.ru/</website>
        <email>vl.maksime@gmail.com</email>
        <source>https://github.com/vlmaksime/plugin.video.tvigle.ru</source>
        <news>v2.0.2 (2021-09-04)[CR]- Исправлена ошибка при авторизации</news>
        <assets>
            <icon>icon.png</icon>
            <fanart>fanart.jpg</fanart>
            <clearlogo>resources\media\clearlogo.png</clearlogo>
            <screenshot>resources\media\screenshot-01.jpg</screenshot>
            <screenshot>resources\media\screenshot-02.jpg</screenshot>
            <screenshot>resources\media\screenshot-03.jpg</screenshot>
        </assets>
    </extension>
</addon>