<?xml version="1.0" encoding="UTF-8"?>
<addon id="plugin.video.ivi.client" version="1.1.5+matrix.1" name="ivi" provider-name="vl.maksime">
    <requires>
        <import addon="xbmc.python" version="3.0.0"/>
        <import addon="script.module.requests" version="2.12.4"/>
        <import addon="script.module.simplemedia" version="1.0.4"/>
        <import addon="script.module.inputstreamhelper" version="0.3.3"/>
    </requires>
    <extension point="xbmc.python.pluginsource" library="default.py">
        <provides>video</provides>
    </extension>
    <extension point="xbmc.addon.metadata">
        <summary lang="en"></summary>
        <summary lang="ru">Онлайн-кинотеатр ivi</summary>
        <description lang="en"></description>
        <description lang="ru">Смотрите ваши любимые фильмы и сериалы на большом экране вашего ТВ.[CR]Доступ к огромному каталогу фильмов и сериалов для бесплатного просмотра в один клик.[CR]Смотрите в HD качестве на большом экране вашего телевизора.</description>
        <disclaimer lang="en"></disclaimer>
        <disclaimer lang="ru">Самая большая в России легальная фильмотека</disclaimer>
        <language>ru</language>
        <platform>all</platform>
        <license>GNU GENERAL PUBLIC LICENSE. Version 3, 29 June 2007</license>
        <forum>http://xbmc.ru/forum/showthread.php?t=15328</forum>
        <website>https://www.ivi.ru/</website>
        <email>vl.maksime@gmail.com</email>
        <source>https://github.com/vlmaksime/plugin.video.ivi.client</source>
        <news>v1.1.5 (2020-10-29)[CR]- Исправлена инициализация при новой установке</news>
        <assets>
            <icon>icon.png</icon>
            <fanart>fanart.jpg</fanart>
            <clearlogo>resources\media\clearlogo.png</clearlogo>
        </assets>
    </extension>
</addon>